id	course	relative_path	bytes	modified	sha256
MAT-001	中医诊断学	中医诊断学/PPT重点/20240614_肝胆 增强文本.pdf	18375238	2026-04-13T15:35:04+08:00	08b5c065380c3af6eacedc7c7983231a4607c9a8217ab042f8bdcbd21bcdf013
MAT-002	中医诊断学	中医诊断学/PPT重点/20240614_肺大肠 增强文本.pdf	21338345	2026-04-13T15:35:32+08:00	74577733a5a7438e62aaff1d879205384e1831bc191e4258d3c31830f732697f
MAT-003	中医诊断学	中医诊断学/PPT重点/20240614_肾膀胱 锐化打印.pdf	5571371	2026-04-13T15:35:02+08:00	bb65d0f66b47aa7f283ae2d7491cfd2310582746f67065bdfedb2bdc6b035825
MAT-004	中医诊断学	中医诊断学/PPT重点/20240614_脾胃 锐化打印.pdf	11404657	2026-04-13T15:35:07+08:00	371267dad76d1a2d1d6f9429197a046b0a72fe56c60b4913369a92775f7850fe
MAT-005	中医诊断学	中医诊断学/PPT重点/心与膀胱.pdf	2354542	2026-04-13T15:35:04+08:00	46bdb386cdd9f3956e6e18d614aec39b6774db97024bb40dc928d345305e96b8
MAT-006	中医诊断学	中医诊断学/output/pdf/中医诊断学_第1天背诵内容及答案.pdf	509637	2026-06-19T12:28:26+08:00	c89f8f5fac70f82e1051d5444129009b56e5cc706e45acf8b6a647ae22c74dc0
MAT-007	中医诊断学	中医诊断学/output/pdf/中医诊断学_第2天背诵内容及答案.pdf	570401	2026-06-20T10:28:11+08:00	245e1a54413da45ecb3f66d1d9df7bb3fb5d2ab1ca159ca23fdfe8efe3e1e1a7
MAT-008	中医诊断学	中医诊断学/output/pdf/中医诊断学_第3天背诵内容及答案.pdf	451294	2026-06-20T19:13:37+08:00	fc1fbb85434292397dcb2294eb9a6a1e97dd3703e1fe28e6bb9c85b9cee59382
MAT-009	中医诊断学	中医诊断学/output/pdf/中医诊断学_第4天背诵内容及答案.pdf	417222	2026-06-22T00:50:10+08:00	ec562ae090732d87d1adc675501d3bd2da9628c4d008d604295ca9a777d0335b
MAT-010	中医诊断学	中医诊断学/output/pdf/中医诊断学_第5天背诵内容及答案.pdf	323041	2026-06-22T13:01:14+08:00	d1af78add81be40d4a7469536ddfd936d2d0fd958057cc71eaa010ff6ff79c11
MAT-011	中医诊断学	中医诊断学/output/pdf/中医诊断学_第6天背诵内容及答案.pdf	487909	2026-06-24T10:39:56+08:00	abede6fc5921ac4edde30fcd74c5a9f3a3d490e1aa5ef488548ccb48e8f5461c
MAT-012	中医诊断学	中医诊断学/《中医诊断学》知识精华汇总!.pdf	756763	2026-04-13T15:34:47+08:00	756a30b26b3b47547b465ec095ccb7d4fc218211987c8520efc9dd05d99a6321
MAT-013	中医诊断学	中医诊断学/中医诊断学_6天期末冲刺计划.md	12626	2026-06-19T12:16:56+08:00	d1bea2556e05fc307eecc7d64c81d65fd1b7b46774c3427802cfa2231187fd32
MAT-014	中医诊断学	中医诊断学/中医诊断学复习资料.pdf	1407378	2026-04-13T15:34:53+08:00	f942199103b2f07e71fc73383ee417a303c436f949d57a51bbc8b3ad236cef29
MAT-015	中医诊断学	中医诊断学/中医诊断学考试重点.pdf	1085460	2026-04-13T15:34:51+08:00	bc90d4b4f617b2fe6311a6ce9be8c6bc024333dd972dbc3896bbfde199405fd3
MAT-016	中医诊断学	中医诊断学/中医诊断学选择.pdf	17118655	2026-04-21T20:07:45+08:00	16fa971494c7eaa541064ee0d92f8a82c0562464d325333ce1f466f49c92d253
MAT-017	中医诊断学	中医诊断学/中诊保命重点.pdf	109338	2026-04-13T15:34:52+08:00	b0ec7744c9c91d3f1dfb41999302bb744ea5c419f0860f034f9899481cadae89
MAT-018	中医诊断学	中医诊断学/中诊复习重点.pdf	29434453	2026-04-13T15:35:07+08:00	f0178109f2b60f8d53b1cf4b9734fd041fa08be1968ffb70a4ca32b115966a9e
MAT-019	中医诊断学	中医诊断学/南京中医药大学《中医诊断学》2021-2022学年第一学期期末试卷.pdf	122743	2026-04-13T15:34:51+08:00	0d593607986478196480126b82bbcf32c265fe4aa5fedebb0c509874ee944c8f
MAT-020	中医诊断学	中医诊断学/南京中医药大学《诊断学》2022-2023学年第一学期期末试卷.pdf	136455	2026-04-13T15:34:52+08:00	b89a6fc9ccd9e78546ceb736a640a6f9efcb200f4686d2ee54859c9c689274a6
MAT-021	中医诊断学	中医诊断学/南京中医药大学《诊断学》2023-2024学年第一学期期末试卷.pdf	162888	2026-04-13T15:34:52+08:00	2cb07c693ce4d52215c796c5e14d5a0ca7a8e94e947c3e6a3ac2ece6725e9b8c
MAT-022	中医诊断学	中医诊断学/南京中医药大学中医诊断学试题.doc.doc.doc	22016	2026-04-13T15:34:51+08:00	593e7672e0e57c9904c77fceefd96314b505e7818fdee8a7e727cac56da55f30
MAT-023	中医诊断学	中医诊断学/四诊导图.pdf	14772216	2026-04-13T15:34:55+08:00	dd179696b1d3eb79d25fa7fd4e490e592c80e31f3f9735312d45ecd6ab02bc85
MAT-024	医古文	医古文/《医古文》题库（南中医）.pdf	3068384	2026-04-13T15:35:12+08:00	7c3f6d1cf1276d478d6a425518d2e904642d0882d0e64d505edadf22cbef0c9e
MAT-025	医古文	医古文/医古文常识题库及答案.docx	15083	2026-04-13T15:35:11+08:00	b298ce6c03b6a4cce39bdfa20aa25a6b146e673c3dccbdf89fdcebac29a35b8d
MAT-026	医古文	医古文/医古文考试试卷.pdf	150169	2026-04-13T15:34:01+08:00	7f3fa95805cd1220dd051ac44f5d170760c6d6cd68be9ef28cce81b56c304d08
MAT-027	医古文	医古文/医古文试题及答案.pdf	369042	2026-04-13T15:35:10+08:00	ac9a7e0fefebd04af1fe0a32e5fe252532a88ba93369d0578d9a7f013a99c1c8
MAT-028	医古文	医古文/医古文试题和答案(一).pdf	431081	2026-04-13T15:35:10+08:00	bee76096b05732b73c4603b74f369cf29a67d177d229280bdda966108f60a2b4
MAT-029	医古文	医古文/南京中医药大学《医古文》2019-2020学年第一学期期末试卷.pdf	214628	2026-04-13T15:35:11+08:00	76de33107f9ced940e7376425e96b76f19dbaacd8f2deba3a177dd7af0ad052f
MAT-030	医古文	医古文/南京中医药大学《医古文》课程2021-2022学年第一学期期末试卷 (1).pdf	95101	2026-04-13T15:35:12+08:00	7262ae975de3c5895d6c6ddaba97d8937e0803da34c049e4487c191e0a966775
MAT-031	生物化学	生物化学 第4版.pdf	93729409	2026-05-22T09:10:09+08:00	d022d440befe4bb916dd962791de691b8a8899420ba21ec76a2c1e1415527b1b
MAT-032	生物化学	生物化学/20240301_《生物化学》习题集.pdf	19466261	2026-04-13T15:35:35+08:00	2c074bd9a1827a6898680d337084fb675efa11960dd0be8aaadad269b1929d6b
MAT-033	生物化学	生物化学/20240315_《生物化学与分子生物学》实验讲义.pdf	679693	2026-04-13T15:35:07+08:00	f569005c76193ad694daca77fc3a8ce2c534eb8df2b9ff982e7446f5cb398fcd
MAT-034	生物化学	生物化学/名词解释与简答题/第一页.png	732204	2026-04-13T15:35:09+08:00	153bb0539f635c760f2518aa24ee2af81947614690e961240e58cd4af4feb4a9
MAT-035	生物化学	生物化学/名词解释与简答题/第三页.png	285940	2026-04-13T15:35:09+08:00	712b46739a4e9b62a2ecfeb435d0b62595e28d7caed27c1fea25ce4f25b30e18
MAT-036	生物化学	生物化学/名词解释与简答题/第二页.png	306320	2026-04-13T15:35:09+08:00	74b7ca8eeeb008fa9462b1314530715d5e04db5a2b47ee05d4ef4b5b0b1be146
MAT-037	生物化学	生物化学/名词解释与简答题/第五页.png	161246	2026-04-13T15:35:10+08:00	995be0c6d96e3904aeedc9012bb23e56c85b7ad851f5d81a419f48ec060a795e
MAT-038	生物化学	生物化学/名词解释与简答题/第六页.png	217766	2026-04-13T15:35:10+08:00	d7ec1e9ff970267a3af5c9165e4b1d474a1f7e7cbcc25c8c5a7b88706c832a69
MAT-039	生物化学	生物化学/名词解释与简答题/第四页.png	292526	2026-04-13T15:35:09+08:00	ca63cb37f7f09efadb9f02524fa1f180ea9abad3444c1545d6e18bec6e398d61
MAT-040	生物化学	生物化学/生物化学（期末考试大题题库）.docx	30425	2026-07-01T20:06:33+08:00	95c12df7958d34d4290801dddf5fadeaac8746fa832c17609cbcfa613a801f41
MAT-041	生物化学	生物化学/生物化学（题）.docx	84921	2026-06-15T21:10:31+08:00	0d3353cb8232da9d00bec541243972dfc6bb80a21d2ab8226718c3bb9ba448f5
MAT-042	生理学	生理学 第4版.pdf	97413706	2026-05-22T09:09:57+08:00	23afdb7838f814538dde65182436d6a604ff54976cfa9a3573fb6e5ab9a3320c
MAT-043	生理学	生理学/20240601_生理问答题.doc	5594420	2026-04-13T15:34:10+08:00	300cc8ff8b2ea0c4d1f76ffc8dfe725475f076c049812f152eafff387fc5a9b0
MAT-044	生理学	生理学/20240622_生理名词解释.pdf	535245	2026-04-13T15:34:09+08:00	1b75847eeb35c5698e44362bee5e0b0398ec82e5ad7039f69cb61583a91be8cd
MAT-045	生理学	生理学/output/pdf/第一天生理学背诵内容及答案.pdf	333119	2026-06-19T12:25:48+08:00	32cd7b1cfa846a6f644c4e7f321bc9e717912cf1c5b279309f1262db3f8c4145
MAT-046	生理学	生理学/output/pdf/第三天生理学背诵内容及答案.pdf	284979	2026-06-20T19:12:30+08:00	7ae2d513175d9e69b31c01a6a3522ef7b2982586b381cb66326cb1b3a06838ea
MAT-047	生理学	生理学/output/pdf/第二天生理学背诵内容及答案.pdf	282414	2026-06-20T10:26:35+08:00	f08e5a49f69ff5def0cd0d359419adde15f0167f185bfd62426272895da1769b
MAT-048	生理学	生理学/output/pdf/第五天生理学背诵内容及答案.pdf	295046	2026-06-22T13:02:10+08:00	7890e9f146d47604518dda9aa6255f79a67c05887a2fa023e2682e26b6494537
MAT-049	生理学	生理学/output/pdf/第六天生理学背诵内容及答案.pdf	394823	2026-06-24T10:43:21+08:00	128744a310bf38521ee01b04d43a62e9e92bdb29df7f6ffc0cbab048c645cb66
MAT-050	生理学	生理学/output/pdf/第四天生理学背诵内容及答案.pdf	324268	2026-06-22T00:49:09+08:00	2954c459d1c286d83427d40b904891aec9ef3e14c69900c9d92fb05294c47a49
MAT-051	生理学	生理学/《生理学》题库含答案.docx	230022	2026-04-13T15:34:08+08:00	c0f18c340bebe58f86fdd1cf328ac4364eb45458fb50cef50a48248154691a95
MAT-052	生理学	生理学/六天生理学全面复习计划.md	14178	2026-06-19T12:15:48+08:00	68746a39a9610f617409f4a6cbdd9aa4d89de0aee332c4dcf7340a8e94961889
MAT-053	生理学	生理学/南京中医药大学+72学时生理学试卷三.doc	40960	2026-06-17T16:22:02+08:00	3fc53c263864f9691818f763f70ba4bb578580ffcaf722e4d2b509ab759e1fa2
MAT-054	生理学	生理学/南京中医药大学《生理学》2021-2022第一学期期末试卷(2).pdf	148801	2026-04-13T15:34:08+08:00	8aa9af04a8450c84417a9b1305876b197734c4ff831f6451e83164bd18bad7c5
MAT-055	生理学	生理学/南京中医药大学《生理学》2022-2023第一学期期末试卷(2).pdf	155115	2026-04-13T15:34:08+08:00	38a488404a6d32a5b499465c6f9edc5050433ab2ed38e860c31bdbe0a7858748
MAT-056	生理学	生理学/生理学期末考试试题及答案+ (1).pdf	330978	2026-04-13T15:34:08+08:00	71798a27a89145338c2059418226d1ab1ef42e7e0774ddeed04088b8c7218f0c
MAT-057	生理学	生理学/生理白皮.pdf	981932	2026-04-13T15:34:09+08:00	87d90a7be634006c874f992eef7b89b6d5b43f2f2f0a1c61e3297e8f52b4249c
MAT-058	生理学	生理学/生理白皮（题库）.docx	191762	2026-06-23T02:16:29+08:00	46018178d1e17ec48f80a82c4fd2d85c456a41ccdd6daad7fdddeaad82ce5fa3
MAT-059	生理学	生理学/生理考试目录学.pdf	12686072	2026-04-13T15:34:12+08:00	97c9e0c6c801cbfa8b6a58bb6f766026703c2e21da633c62a3800159dc5d5255
MAT-060	生理学	生理学/生理问答简答.pdf	1757311	2026-04-13T15:34:09+08:00	f48957ea4088ecf1812c9490c259b1f934565faf0fc01403e02d2789c89d8685
MAT-061	生理学	生理学/课件/3血液-在线上课教学文件3-PPT 26.pptx	9547168	2026-04-13T15:34:25+08:00	7b1fb0ea8a945ea888f5912c74832baaadad970435ee535cc348108387df61e6
MAT-062	生理学	生理学/课件/4血液循环 在线上课教学文件3-PPT.pptx	24325005	2026-04-13T15:34:30+08:00	656a886b40c8e4a7c00caa287a164fa75607a1658ec084a6ec5e1af219910e65
MAT-063	生理学	生理学/课件/PPT（学姐版本）/代谢体温.pdf	8337998	2026-04-13T15:34:25+08:00	f62e5763d3437c90b44f2a2546ec137c31f92cb81236eb6e7512289f5e8f0e26
MAT-064	生理学	生理学/课件/PPT（学姐版本）/内分泌.pdf	19491833	2026-04-13T15:34:34+08:00	14bb812f0714a9e1da82339edbd7847476d1d7eba05bb604178eccd926e14c8c
MAT-065	生理学	生理学/课件/PPT（学姐版本）/排泄2.pdf	40414603	2026-04-13T15:34:45+08:00	f5fc69fe5b83a55e5fb319c5ee340da50979af4577f090952765621299427b5e
MAT-066	生理学	生理学/课件/PPT（学姐版本）/第五章.pdf	29540102	2026-04-13T15:34:48+08:00	dbed1908a67721f9f6196fc4ae50a7e756b97c013aa407d2a62fdabac452f325
MAT-067	生理学	生理学/课件/PPT（学姐版本）/第六章.pdf	7585254	2026-04-13T15:34:50+08:00	b467a898c76f91f4cbd9df6957a2dced8f88cfe7045dae56b98b5ca70738d183
MAT-068	生理学	生理学/课件/细胞 在线上课教学文件3-PPT 细胞的基本功能.pptx	18934156	2026-04-13T15:34:15+08:00	21bd0c2293faac7f9f0238567e2648a4f80f03406e20b78b1466885d91df798d
MAT-069	生理学	生理学/课件/绪论.jpg	658541	2026-04-13T15:34:16+08:00	7f12d94520d179be1ef625c964715f7bca5a1bdf6a97cc746aa0d0ae39ceb4de
MAT-070	生理学	生理学/课件/绪论学习任务.jpg	226785	2026-04-13T15:34:16+08:00	eccf1788e50d126a88837cdbe7f199b6ba0687b82323c306d20eb09bf7aae8c2
MAT-071	生理学	生理学/课件/血液循环/052d2046e526cbe850e1451991c46b3e.jpg	225893	2026-04-13T15:34:16+08:00	065cd89f716ac7c82d3825455c6e6c2c4f0d883d0ba09f02ab48c44f6b915f1e
MAT-072	生理学	生理学/课件/血液循环/183d52d77df1cb9a64d607f671010140.jpg	250675	2026-04-13T15:34:19+08:00	1e4c07ff694d3d0d37ec9826b3eb939a0976f953b1731e8732899af9b87732fe
MAT-073	生理学	生理学/课件/血液循环/1f4438cec81b9c561ef00788d150e107.jpg	342265	2026-04-13T15:34:17+08:00	2e64b04fda64cbc41b822ae215a678a44532fc97ab20a66ccb192f1d13bf8d68
MAT-074	生理学	生理学/课件/血液循环/2273545f3f831fb7bc0552731b2aa960.jpg	304741	2026-04-13T15:34:18+08:00	6921ac2dd24cdcfbdb22a16296dce966d21bfc70ee50da8b731ac43936eba3bc
MAT-075	生理学	生理学/课件/血液循环/2d36cc2c13c7c6ccc651fa73460b9995.jpg	290076	2026-04-13T15:34:17+08:00	bdacad857bdc522960c5c01e314257a5d74585ee8f9b68cbb5ba5b07697c2ebd
MAT-076	生理学	生理学/课件/血液循环/96b986709a8181942c9880c9c8d7c302.jpg	211820	2026-04-13T15:34:17+08:00	98c0a373e64901ed5bc63e8fc55458bed4b99a926484638ba2394bcf1058652c
MAT-077	生理学	生理学/课件/血液循环/bf402ec65c4ab8d8bb7b29d241bd215b.jpg	204027	2026-04-13T15:34:16+08:00	8f0877de87471d20734972ea11d230abb945acddc0f88c863ee46bb1e213f08c
MAT-078	生理学	生理学/课件/血液循环/f7a393b82c69ceb459c8c9e315f3de42.jpg	249438	2026-04-13T15:34:18+08:00	c0f6c6f093f5b53bf3961cb4af811d9ce44b90c2773f7f5c4f8cc264bcb3d52e
MAT-079	组织胚胎学	组织胚胎学/南京中医药大学《组织胚胎学》2021-2022学年第一学期期末试卷.pdf	141493	2026-04-13T15:34:02+08:00	e06f29f3338d1bd4d28d081a83cddbac44e836f61956f39ebfc0dc2013f01e8b
MAT-080	组织胚胎学	组织胚胎学/南京中医药大学《诊断学》2022-2023学年第一学期期末试卷.pdf	136455	2026-04-13T15:34:03+08:00	b89a6fc9ccd9e78546ceb736a640a6f9efcb200f4686d2ee54859c9c689274a6
MAT-081	组织胚胎学	组织胚胎学/扬大白皮书资料/第一章（组织学绪论）467078.doc	39425	2026-04-13T15:34:05+08:00	9516a435c8d0eea0d75e6636ec64ca28a338fe5807a86d5a5d1f0ea29fb793a9
MAT-082	组织胚胎学	组织胚胎学/扬大白皮书资料/第七章 神经组织467084.doc	54272	2026-04-13T15:34:04+08:00	d4ee1e286c37f56c30c19665a732d5dc104a6e9d12ea86b730d7e6587f6781aa
MAT-083	组织胚胎学	组织胚胎学/扬大白皮书资料/第三章 结缔组织467080.doc	50688	2026-04-13T15:34:04+08:00	0311d424300c29da4414b42013ec8834b1b99b61708abe79e8dadcba24d3fed6
MAT-084	组织胚胎学	组织胚胎学/扬大白皮书资料/第二十章 胚胎学总论467098.doc	84480	2026-04-13T15:34:03+08:00	45bf7c64ec68916b5830ffd90312f64f26f3750d3335e7fe0b496f2a46a7cc77
MAT-085	组织胚胎学	组织胚胎学/扬大白皮书资料/第二章 上皮组织467079.doc	55808	2026-04-13T15:34:05+08:00	76287d4c5e2a089115770c400c01699fd5f65c6c2bdbeb323d4a3ad004ddabee
MAT-086	组织胚胎学	组织胚胎学/扬大白皮书资料/第五章 软骨和骨467082.doc	44033	2026-04-13T15:34:05+08:00	c6b531849bf0fe098e83742cedd4a2e2a70b8661b55c5306052948ad2577337c
MAT-087	组织胚胎学	组织胚胎学/扬大白皮书资料/第六章 肌组织467083.doc	51713	2026-04-13T15:34:04+08:00	035c5fb5c2ade2e44c927ee92de82402e0c32583adcc5ec14b1c3de15bb88de6
MAT-088	组织胚胎学	组织胚胎学/扬大白皮书资料/第十一章 皮 肤467087.doc	51200	2026-04-13T15:34:04+08:00	9f6c5866478ccd6b1a6dc58a97ccd570b67020cc7e6b8df80aaa4aeeb91d89b7
MAT-089	组织胚胎学	组织胚胎学/扬大白皮书资料/第十七章 泌尿系统467095.doc	80897	2026-04-13T15:34:03+08:00	0ee49c0ee3c935fa640add38d7ac5058e0dfa5e469196671bdc8bddeb9d00c13
MAT-090	组织胚胎学	组织胚胎学/扬大白皮书资料/第十九章 女性生殖系统467097.doc	85505	2026-04-13T15:34:03+08:00	68e2d05b5906ba6dcbccb5d2bba3ed528ee7694bfc95170b3bd8b8337c9d9fc5
MAT-091	组织胚胎学	组织胚胎学/扬大白皮书资料/第十二章 免疫系统467088.doc	63488	2026-04-13T15:34:04+08:00	1a6299dde8d5ac15046a627ca718def5c836cd18ca9c8d9b6e7008c926a9d74b
MAT-092	组织胚胎学	组织胚胎学/扬大白皮书资料/第十五章 消化腺467093.doc	75264	2026-04-13T15:34:03+08:00	eb053a3c9cffdf4a5510c09b35c826fc0a7c8d347281073848d2ee8b62f409c2
MAT-093	组织胚胎学	组织胚胎学/扬大白皮书资料/第十八章 男性生殖系统467096.doc	73217	2026-04-13T15:34:03+08:00	70d834b989e8db3ed588cad14c055e9fbef2d9a848ac3ed83b975fdde407c610
MAT-094	组织胚胎学	组织胚胎学/扬大白皮书资料/第十六章 呼吸系统467094.doc	69632	2026-04-13T15:34:03+08:00	3e3c5ab7117f01c3df4dd90319cda30380ee7d92bc4fa2e9a049360e8023b1aa
MAT-095	组织胚胎学	组织胚胎学/扬大白皮书资料/第十四章 消化管1128131.doc	93696	2026-04-13T15:34:03+08:00	7903bd0e412f58d2f5df3c1c02ff1583f877ec79ae0520989d7029a7f165e533
MAT-096	组织胚胎学	组织胚胎学/扬大白皮书资料/第十章 循环系统467085.doc	52736	2026-04-13T15:34:04+08:00	741ee80938345388385e63608639e12622fd241208927a80e8f01418cf71db98
MAT-097	组织胚胎学	组织胚胎学/扬大白皮书资料/第四章 血液和血细胞发生467081.doc	57344	2026-04-13T15:34:04+08:00	89a1fb7158ac573aea8c5a9ce6549f7cac33650ea24ed536774e4ad2f874a1ae
MAT-098	组织胚胎学	组织胚胎学/组培背诵/1.jpg	352909	2026-04-13T15:34:05+08:00	44bc6e0ce0b307d92559a5b31ef2b92284409266445c5d811b3b0cde344413ff
MAT-099	组织胚胎学	组织胚胎学/组培背诵/10.jpg	596007	2026-04-13T15:34:07+08:00	8c668e0922a6224560642777276cb67cdcf70f86e8b8369f4bda5dbe637b98e5
MAT-100	组织胚胎学	组织胚胎学/组培背诵/11.jpg	717855	2026-04-13T15:34:07+08:00	4484319a3cf3209ff31c19dbf62d7e9e57fdead1bc59264399b783e8b8f62596
MAT-101	组织胚胎学	组织胚胎学/组培背诵/2.jpg	610815	2026-04-13T15:34:05+08:00	938f45886e08627b6c780e4bf2b0c0e87c5ab0a96f269445387196519a18f5bc
MAT-102	组织胚胎学	组织胚胎学/组培背诵/3.jpg	530668	2026-04-13T15:34:06+08:00	85d60326aa2458cabed53b3c4892e77073c8c52635f45abbff7771dff0519d1d
MAT-103	组织胚胎学	组织胚胎学/组培背诵/4.jpg	644285	2026-04-13T15:34:06+08:00	8870cc38af21d9466f924807a354d5289e07c66f63b4443f3526f8b6ef5ed8ca
MAT-104	组织胚胎学	组织胚胎学/组培背诵/5.jpg	646728	2026-04-13T15:34:06+08:00	4b384f8e935ad7e3c836e8f5482465ea1f370a0b26aafc64b6c18ffa9232b30a
MAT-105	组织胚胎学	组织胚胎学/组培背诵/6.jpg	712381	2026-04-13T15:34:07+08:00	403808bc380d92195c109a5952ca963d101ec997826dde8dbb7eb32ada0f540b
MAT-106	组织胚胎学	组织胚胎学/组培背诵/7.jpg	594193	2026-04-13T15:34:06+08:00	196cc42e2c4fd8f78baa78892ce5d1cd852505d7ecdc34015d6eeaf5cc5873d9
MAT-107	组织胚胎学	组织胚胎学/组培背诵/8.jpg	665113	2026-04-13T15:34:07+08:00	72d9fe37323c58d099cd5d6142c9fb5a1009bbe2ff1b8b1a7ff0f3b398c108e1
MAT-108	组织胚胎学	组织胚胎学/组培背诵/9.jpg	596990	2026-04-13T15:34:07+08:00	b72f3aae375f80b887c13ddec6f99267010706e8da1aebe97c1541310027a138
MAT-109	组织胚胎学	组织胚胎学/组织胚胎学全部题库.pdf	87916	2026-04-13T15:34:02+08:00	0d7999acd79236c41567a15ec5c488d7edd3dc2f5d1e45102f5c24cec45d2ea9
MAT-110	组织胚胎学	组织胚胎学/组织胚胎学练习题库十套之六(含答案).doc	48640	2026-04-13T15:34:03+08:00	998d56c9b8b753efb0a10b248b5347906223c7ee5cbae4429efdf9fa1126853f
MAT-111	组织胚胎学	组织胚胎学/组织胚胎学考试复习题库含答案（最全版+） (1).docx	65434	2026-04-13T15:34:03+08:00	4f00f837fcf7e15462c855e2aea328478d4d7f191ef675f0c894b25b290e1203
MAT-112	组织胚胎学	组织胚胎学/组织胚胎学试卷.doc	19456	2026-04-13T15:34:02+08:00	faeafe7961a99e9318add392c327155a95fe332322db0ec37f24f3b5049cef22
MAT-113	组织胚胎学	组织胚胎学/组织胚胎学题库.doc	171008	2026-04-13T15:34:02+08:00	90fbf718d211ba6066b434c24b54bedfbe94ad6314dbc5983cb919016ce46ce7
MAT-114	组织胚胎学	组织胚胎学/组胚识图.pdf	32620764	2026-04-13T15:34:16+08:00	e4c8bd5eea46411a0b14c2591f4a36795d61481b0e2d9fd67f2ea63fd5e0def7
MAT-115	组织胚胎学	组织胚胎学/组胚黄皮（扫描版）.pdf	22557365	2026-04-13T15:34:39+08:00	ed9a683ae830b72e67918480f9a39987a2d6eacb980a09f827d3751d41287fad
MAT-116	组织胚胎学	组织胚胎学/识图.zip	23708712	2026-04-13T15:34:08+08:00	1b39fb0c1ac37c6cafdb84196969504f233f3c60e49bad49413bb7969fa9d67b
MAT-117	跨课程/待确认	学习方法.jpg	114227	2026-04-13T15:34:01+08:00	76405bde30a4b2f52fc20620599fe39d48b99ee412ea1cb909757930122a51d7
MAT-118	跨课程/待确认	题型.docx	10967	2026-04-13T15:34:01+08:00	27c662e8674b77d1d160c3b732d6da786ac36beb3fb9bc4f054891086e85c2c8
